한글명,영문명
1개월,1 Months
1분기,1 quarter
15c,15c
1일,1st
2개월,2 Months
2분기,2 quarter
20피트,20 Feet
20c,20c
20피트,20ft
2일,2nd
3자리,3 Digit
3개월,3 Months
3분기,3 quarter
3일,3rd
4개월,4 Months
4분기,4 quarter
40피트,40 Feet
40피트,40ft
4일,4th
5개월,5 Months
5일,5th
6개월,6 Months
A,A
사령관,A Commander
법원,A Court Of Justice
요일,A Day Of The Week
고발자,A Denunciator
치안판사 법원,A Magistrate’S Court
문서 작성자,A Person Of Making A Document
우편 사서함,A Post-Office Box
AFIS,AFIS
API,API
포기됨,Abandoned
포기,Abandonment
약어,Abbreviation
약어,Abbreviator
비정상,Abnormal
비정상 행동,Abnormal Behavior
폐지,Abolition
토착성,Aboriginality
중절,Abort
위,Above
해외,Abroad
부재,Absence
부재자,Absentee
절대성,Absoluteness
수용,Accept
수용,Acceptance
수용 신청,Acceptance Of Application
승인,Accepted
승인자,Acceptor
출입,Access
사고,Accident
숙소,Accommodation
동반,Accompany
공범,Accomplice
합의,Accord
계정,Account
회계연도,Account Year
회계사,Accountant
회계,Accounting
회계,Accounty
인증,Accreditation
누적,Accumulate
누적,Accumulation
누적된,Accumulative
정확성,Accuracy
정확도,Accuracy Degree
고발자,Accuser
성취,Achievement
인정,Acknowledge
성격 인정,Acknowledge character
인정,Acknowledgment
취득,Acquired
취득자,Acquirer
취득,Acquisition
무죄,Acquittal
약어,Acronym
행위,Act
조치,Action
실행 가능한,Actionable
활성화,Activation
활동,Active
활동,Activity
행위자,Actor
실제,Actual
실제 결과,Actual Result
종가세,Ad valorem duty
적응성,Adaptability
합산,Add Up
추가,Added
추가,Addition
추가 비용,Addition Cost
추가,Additional
추가 징수,Additional Collection
추가 지방세,Additional Municipal Taxes
추가 절차 코드,Additional procedure codes
주소,Address
수신인,Addressee
주소 지정,Addressing
접속,Adhesion
판결,Adjudication
조정,Adjusted
조정,Adjustment
행정,Administration
입소,Admission
입소 허가됨,Admitted
성인,Adult
사전,Advance
사전 판결,Advance ruling
사전,Advancement
광고,Advertise
광고,Advertisement
자문,Advice
변호인,Advocate
진술서,Affidavit
소속,Affiliated
후,After
후 변경,After Change
사후,After The Fact
업데이트 후,After Update
그 후,Afterward
반대,Against
연령,Age
기관,Agency
기관 공지,Agency Notice
의제,Agenda
대리인,Agent
악화,Aggravation
집계,Aggregate
노후화,Aging
동의,Agree
합의,Agreement
농업,Agriculture
AI,Ai
지원,Aid
목표,Aim
항공 운송장,Air waybill
항공기,Aircraft
항공사,Airline
항공기 입항 및 이륙,Airplain Entry Into Port & Take-Off
비행기,Airplane
공항,Airport
체공 시간,Airtime
경보,Alarm
주류,Alcohol
경보,Alert
알고리즘,Algorithm
별칭,Alias
정렬,Align
모두,All
주장,Allegation
주장됨,Alleged
할당됨,Allocated
할당,Allocation
할당,Allotment
허용됨,Allow
알파벳,Allowable
이미,Allowance
변경,Allowed
알파,Alpha
이미,Already
변경,Alteration
대안,Alternative
모호성,Ambiguity
수정,Amend
수정,Amendment
보완,Amercement
우호적,Amicable
수정됨,Ammended
탄약,Ammunition
분석,Amnesty
분석가,Amortization
금액,Amount
조상,Analysis
정박,Analyst
정박,Analyzer
동물,Ancestor
부속서,Anchorage
기념일,Anchoring
동물,Animal
부속서,Annex
기념일,Anniversary
공고,Announcement
연간,Annual
연간 활동 계획,Annual Action PLAN
연간 임금 지급,Annual wage paid
연간,Annually
익명성,Anonymity
익명,Anonymous
답변,Answer
답변자,Answer Person
예상,Anticipation
반덤핑,Antidumping
반덤핑 관세,Antidumping Tariff
모든,Any
언제든지,Anytime
아파트,Apartment
APIS,Apis
장치,Apparatus
항소,Appeal
출두,Appearance
항소인,Appellant
항소,Appellation
해당,Applicable
신청인,Applicant
신청서,Application
신청 기간,Application Form
신청,Application Period
임명,Applied
임명인,Apply
임명인,Appoinment
임명,Appointee
배분,Appointer
평가,Appointment
평가사,Apportionment
압류,Appraisal
접근 방식,Appraiser
적정성,Apprehension
적정성,Approach
승인,Appropriacy
승인 라인,Appropriation
승인,Approval
승인,Approval Line
승인자,Approve
4월,Approved
중재인,Approver
면적,April
논쟁,Arbitrator
무기,Area
배치,Argument
배열,Arms
체납,Arrangement
체포,Array
체포인,Arrears
도착,Arrest
피뢰기,Arrester
도착,Arrival
도착 위치,Arriving Location
물품,Article
항공기용 물품,Articles For Aircraft
선박용 물품,Articles For Ship
선박 및 항공기용 물품,Articles For Ship & Aircraft
측면 지향 프로그래밍,Aspect Oriented Programming
조립자,Assembler
조립,Assembling
주장,Assertion
평가됨,Assessed
평가,Assessment
평가자,Assessor
자산,Asset
재게시 가능 자산,Asset Available for Republishing
자산,Assets
압류된 자산,Assets distrained
압류된 자산,Assets restrained
양도인,Assign
양도인,Assigned
양도인,Assignee
양도,Assigner
양도 장소,Assignment
양도인,Assignment Place
지원,Assignor
지원자,Assistance
관련,Assistant
연관,Associated
보증,Association
보증인,Assurance
시점,Assured
현금,Assureur
첨부,At
첨부됨,Atm
첨부 문서 첨부,Attach
첨부,Attached
시도,Attaching Documents
참석,Attachment
출석,Attempt
참석자,Attend
참석자,Attendance
주의,Attendant
변호사,Attendee
속성,Attention
경매,Attorney
경매됨,Attribute
청중,Auction
감사,Auctioned
감사 담당자,Audience
감사 결과,Audit
감사 팀,Audit Officer
감사법인,Audit Result
감사,Audit Team
감사인,Auditfirm
8월,Auditing
인증,Auditor
진정성,August
인증,Authentication
진위성,Authenticity
승인자,Author
권한 있는,Authoritative
권한,Authority
승인,Authorization
승인,Authorize
승인된,Authorized
승인된 경제 운영자,Authorized economic operator
승인자,Authorizer
세관 데이터 자동화 시스템,Automated system for customs data
자동,Automatic
가용성,Availability
가용성,Available
평균,Average
회피,Avoidance
인지,Awareness
축,Axel
축,Axis
축,Axle
B,B
BOT,BOT
BRELA,BRELA
뒤,Back
배경,Background
백업,Backup
불량,Bad
수하물,Bag
수하물,Baggage
집행관,Bailiff
잔액,Balance
잔액,Balanced
밸러스트,Ballast
밴드,Band
은행,Bank
은행 명세서,Bank statement
통장,Bankbook
은행 계좌,Banked
은행원,Banker
파산,Bankruptcy
바라바라,Barabara
바코드,Barcode
바지선,Barge
베이스,Base
기본,Basic
기본,Basics
기본 관세율,Basics Tariff Rate
베이스,Basis
배포 기준,Basis Of Hand Out
베이스 목표,Basis Target
배치,Batch
배스,Bath
배터리,Battery
근무 중,Be At Work
무인 양도성 증권,Bearer negotiable instruments
되기,Becoming
침대,Bed
맥주,Beer
이전,Before
변경 전,Before Change
도착 전,Before Come
진술 전,Before Statement
업데이트 전,Before Update
사전,Beforehand
사전 안내,Beforehand Guidance
시작,Begin
시작,Beginning
행동,Behavior
소유,Belong
소지품,Belongings
아래,Below
수혜자,Beneficiary
혜택,Benefit
정박지,Berth
정박지수,Berthage
베팅,Bet
Bfile,Bfile
Bgft,Bgft
입찰,Bid
입찰자,Bidder
자전거,Bike
청구서,Bill
선하증권,Bill of lading
청구인,Biller
바이너리 데이터,Binary data
바이너리 값,Binary value
생체 정보,Biological
생체 인식,Biometric
새,Bird
출생,Birth
공란,Blank
차단,Block
차단 또는 후드,Block or hood
차단/차단 해제,Block/UnBlock
차단됨,Blocked
차단 중,Blocking
파란색,Blue
파란색 해제,Blue release
블루투스,Bluetooth
탑승자,Board
탑승,Boarder
탑승 장소,Boarding
신체,Boarding Location
체중,Body
보증금,Body Weight
보세,Bond
보세 운송,Bonded
보세 창고,Bonded Transportation
보닛,Bonded warehouse
보너스,Bonnet
예약,Bonus
예약,Book
부울 값,Booking
보딩,Boolean value
보딩,Bord
운송 전자 국경,Border
전자식 화물차단기,Bordereau Electronique Du Suivi Des Cargaisons
차용인,Borrower
차용,Borrowing
병,Bottle
바닥,Bottom
반송,Bounced
바운드,Bound
경계,Boundary
경계,Bounded
경계,Box
상자,Boy
소년,Branch
지점,Brand
브랜드,Break
파손,Breakdown
고장,Breeder
육성인,Bring
가져오기,Broadcast
방송,Broker
중개인,Brokerage
중개,Browser
브라우저,Budget
예산,Buffer
버퍼,Build
구축,Building
구축,Built-In
내장,Bulk
대량,Bulletin
게시판,Bulletin board
게시판 메시지,Bulletin board message
묶음,Bundle
벙커,Bunker
부담,Burdened
버스,Bus
사업,Business
사업 승인,Business Approve
고유 사업 식별,Business Identification Unique
사업 운영,Business Operations
사업 주문,Business Order
사업 연결,Business connection
사업가,Businessman
버튼,Button
구매,Buy
구매자,Buyer
중량,Bwt
기준,By
부산물,By-Product
조례,Bylaw
바이트,Byte
C,C
C17,C17
C32,C32
C35,C35
C45,C45
CBF,CBF
CDI,CDI
CG,CG
CIF,CIF
객실,Cabin
케이블,Cable
캐시,Cache
카페,Caf
계산,Calculate
계산됨,Calculated
계산됨,Calculation
캘린더,Calendar
구경,Caliber
호출,Call
호출 부호,Call sign
콜백,Callback
캠버,Camber
카메론 데이터웨어하우스 시스템,Cameron Datawarehouse System
카메룬 산림청,Cameroon Forest Service
위장,Camouflage
캠페인,Campaign
캠레일,Camrail
취소,Cancel
신고 취소,Cancel Declaring
적재 취소,Cancel Loading
취소자,Canceler
공식 기관에 의한 취소,Canceling By Official Authority
취소,Cancellation
취소 통지,Cancellation Notice
취소됨,Cancelled
후보,Candidacy
후보,Candidate
용량,Capability
용량,Capacity
자본,Capital
양도소득세,Capital Gain Tax
자본재,Capital Goods
선장,Captain
포획,Capture
차량,Car
카드,Card
기수,Cardinality
관리,Care
경력,Career
화물,Cargo
화물 추적,Cargo Tracing
화물 적하 목록,Cargo manifest
화물 참조 번호,Cargo reference number
칼링,Carling
카르네,Carnet
캐러셀,Carousel
운송비 지불 대상,Carriage paid to
운송,Carried
운송인,Carrier
반입,Carry in
반입/반출,Carry in/out
반출,Carry out
운송,Carrying
운송비,Carrying Charge
카트,Cart
케이스,Case
현금,Cash
계산원,Cashier
카지노,Casino
캐주얼,Casual
카탈로그,Catalog
카테고리,Category
케이터링,Catering
사유,Cause
중단,Cease
양도,Cede
셀룰러,Cellular
시멘트,Cement
검열,Censorship
센터,Center
중앙,Central
중앙 스캐닝 시스템,Centralized scanning system
센터,Centre
중앙 운전면허 시스템,Centre driving lincense system
증명서,Certificate
집행관 명령서 증명서,Certificate Bailiff Order
확인 증명서,Certificate Of Confirmation
자격 증명서,Certificate Of Qualification
수입 확인 증명서,Certificate Of Verification Of Import
증명서 용지,Certificate Paper
납세 증명서,Certificate of Tax Payment
영수증 증명서,Certificating For A Receipt
목재 운송 증명서,Certificating For Log Transportation
증명서,Certification
인증됨,Certified
중단,Cessation
체인,Chain
회장,Chairman
이의 제기,Challenge
변경,Change
소유권 변경,Change of Ownership
변경자,Changer
채널,Channel
장,Chapter
특징,Character
특징1,Character1
특징2,Character2
특징3,Character3
특징,Characteristic
부과,Charge
자산 과징금,Charge Over Asset
과징 가능,Chargeable
과징됨,Charged
차트,Chart
전세,Charter
전세 계약자,Charterer
섀시,Chassis
점검,Check
점검 완료,Checked
점검자,Checker
체크인,Checkin
체크리스트,Checklist
체크아웃,Checkout
체크포인트,Checkpoint
셰프 드 세크퇴르,Chef De Secteur
화학식,Chemical Formula
화학,Chemistry
수표,Cheque
최고경영자,Chief executive officer
아동,Child
아동들,Children
칠레,Chile
중국,China
초이스,Choice
청크,Chunk
시가,Cigar
담배,Cigarette
담배 봉인,Ciled
시크,Ciq
순환,Circular
유통,Circulation
원주,Circumference
상황,Circumstance
상황,Circumstances
소환장,Citation
시민,Citizen
시민,City
민사,Civil
민사법,Civil Affairs
민사인,Civil Law
Ckp,Civilian
청구,Ckp
청구 가능,Claim
청구인,Claimable
청구됨,Claimant
투시력,Claimed
명확화,Clairvoyant
등급,Clarification
직책 등급,Class
등급1,Class Of Position
등급123,Class1
등급2,Class123
등급3,Class2
등급4,Class3
등급5,Class4
등급5678,Class5
등급6,Class5678
등급7,Class6
등급8,Class7
분류,Class8
조항,Classification
결과 보고서 정리,Clause
청소,Clean report of findings
정리 완료,Cleaning
정리 완료,Cleanup
클리어,Clear
통관,Clearance
통관 증명서,Clearance certificate
통관,Clearence
통관 및 포워딩 대행인,Clearing and forwarding agent
고객,Client
기후,Climate
클롭,Clob
폐쇄,Close
폐쇄됨,Closed
폐쇄된 문,Closed-Door
폐쇄기,Closer
폐쇄 중,Closing
폐쇄,Closure
의류,Clothes
클러스터,Cluster
CMA,Cma
CNF,Cnf
코칭,Coaching
해안,Coast
코팅,Coating
COB,Cob
코드,Code
계수,Coefficient
범죄 인식,Cognizance Of Crime
동시,Coincident
협력,Collaboration
협력 프로토콜 계약,Collaboration protocol agreement
수집,Collect
수집 가능,Collectable
수집됨,Collected
수집자,Collecter
수집,Collection
수집 경로,Collection Route
수집자,Collector
색상,Color
색상,Colour
열,Column
합집,Combine
합집,Combined
합집,Combining
오다,Come
명령,Command
개시,Commencement
표창,Commendation
논평,Comment
상업,Commerce
상업,Commercial
위원,Commisioner
위원회,Commission
위원,Commissioner
위원,Commissioner for Tax Investigations
세무 조사 위원,Commissioner for customs and excise
관세 및 소비세 위원,Commit
약속,Commitment
위원회,Committee
상품,Commodity
공통,Common
동아프리카 및 남아프리카 공동시장,Common market for eastern and southern africa
공동체,Commune
소통,Communicate
소통,Communication
공동체,Community
교환,Commutation
동반자,Companion
회사,Company
비교,Comparing
비교,Comparison
역량,Competence
경쟁,Competition
편찬,Compilation
불만,Complaint
완료,Completed
완료,Completion
준수,Compliance
법률 및 규정 준수 규모,Compliance Scale Of Laws And Regulations
구성 요소,Component
구성 요소,Components
구성,Composition
복합,Compound
복합자,Compounder
복합,Compoundment
포괄적,Comprehensive
압축,Compress
계산,Computation
계산된,Computed
컴퓨터,Computer
컴퓨터화된,Computerized
컴퓨터화된 자동차 등록 시스템,Comupterized motor vehicle registration system
은폐,Concealment
집중,Concentrate
관심,Concerned
양보,Concession
결론,Conclude
결론,Conclusion
동의,Concurrence
조건,Condition
조건부,Conditional
조문,Condolence
행위,Conduct
연합,Confederation
회의,Conference
협약,Conferment
신뢰,Confidence
구성,Config
구속,Configuration
확인,Confinement
확인,Confirm
확인,Confirmation
확인됨,Confirmed
확인자,Confirmor
압수,Confiscation
연결,Connect
연결,Connection
두알라 국가위원회(Conseil National Des Douala),Conseil National Des Douala
동의,Consent
결과,Consequence
대가,Consideration
위탁,Consign
수탁자,Consignee
위탁,Consignment
위탁증서,Consignment note
위탁인,Consignor
일관성,Consistency
일관성,Consistent
콘솔,Console
통합,Consolidated
통합,Consolidation
통합자,Consolidator
상시,Constant
건설,Construction
컨설턴트,Consultant
컨설팅,Consultation
컨설턴트,Consulter
컨설팅,Consulting
소모품,Consumable
소비,Consumer
소비세,Consumption
연락처,Consumption Tax
계약자,Contact
컨테이너,Contactor
컨테이너 화물 스테이션,Container
내용,Container freight station
맥락,Contents
대륙,Context
우발 사건,Continent
계속,Contingency
계약,Continuation
계약 문서,Contract
계약자,Contract Document
모순,Contractor
위반,Contradiction
위반,Contravened
기여,Contravention
기여,Contribute
통제,Contribution
통제됨,Control
논란의 여지가 있음,Controlled
편의성,Controversial
편의성,Convenience
협약,Convention
협약 할당량,Convention Quota
협약 관세,Convention Tariff
대화,Conversation
전환,Conversion
수익으로의 전환,Conversion to revenue
양도,Conveyance
쿠키,Cookie
쿨 서플라이,Cool Supplies
협력,Cooperation
협력 정도,Cooperation Degree
좌표,Coordinates
저작권,Copy
저작권,Copyright
핵심,Core
기업,Corporate
기업,Corporation
정확,Correct
정정,Correction
상관관계,Correlation
서신,Correspond
서신,Correspondence
부패,Corruption
화장품,Cosmetics
비용,Cost
위원회,Council
위원회,Counsel
건수,Count
물품 건수,Count Of Article
카운트다운,Countdown
대응책,Counter
대응책,Countermeasure
대책,Counterplan
국가,Country
쿠폰,Coupon
택배,Courier
과정,Course
법원,Court
약정,Covenant
보장,Cover
보장 범위,Coverage
보장됨,Covered
보장된 수레,Covered Wagon
CPU,Cpu
장인,Craftsman
크레인,Crane
생성,Create
생성됨,Created
생성,Creation
자격 증명,Credential
신용,Credit
신용카드 회사,Credit Card Company
신용됨,Credited
채권자,Creditor
승무원,Crew
범죄,Crime
형사,Criminal
형사 수사,Criminal Investigation
범죄 기록,Criminal Record
위기,Crisis
기준,Criteria
중요,Critical
중요 가치,Critical Value
작물,Crop
단면적,Cross Section
교배,Crossbreeding
교배,Crossing
순항,Cruising
Cs,Cs
Ctr,Ctr
큐브,Cube
입방,Cubic
입방미터,Cubic Meter
입방피트(ft³),Cubic feet ft3
재배,Cultivation
누적,Cumulative
Cuo,Cuo
통화,Currency
현재,Current
보관,Custody
고객,Customer
세관,Customs
세관 중개인,Customs Broker
통관,Customs Clearance
세관원,Customs Collector
세관 서비스,Customs Service
세관 절차 코드,Customs procedure code
세관 처리 수수료,Customs processing fee
세관 창고,Customs warehouse
마감일,Cutoff
절단일,Cutting
CVC,Cvc
Cy,Cy
Cyber,Cyber
Cycle,Cycle
Cylinder,Cylinder
D,D
DCTICD,DCTICD
조난 통지서,DIstress Notice
DMC,DMC
DRD,DRD
일일,Daily
일용품,Daily Necessity
손상,Damage
손상됨,Damaged
위험물,Dangerous goods
대시보드,Dash
대시보드,Dashboard
데이터,Data
데이터베이스,Database
날짜,Date
생년월일,Dateofbirth
사망일,Dateofdeath
일,Day
일수,Day Count
요일,Day of week
일수,Days
비활성화됨,Deactivated
비활성화자,Deactivater
비활성화,Deactivation
비활성화됨,Deactive
마감일,Deadline
딜러,Dealer
거래,Dealings
사망,Death
사채,Debenture
차변,Debit
부채,Debt
채무자,Debtor
채무자,Debtors
12월,December
임의 결정,Deciding Arbitrarily
소수,Decimal
결정,Decision
신고인,Declarant
신고,Declaration
신고서,Declaration Sheet
신고자,Declarator
신고 적재,Declare Loading
신고됨,Declared
신고자,Declarer
감소,Decrease
감소,Decreasing
공제,Deduction
증서,Deed
증여증서,Deed of Gift
기본,Default
결함,Defect
피고,Defendant
보류,Defer
보류,Deferment
보류,Deferred
이연 자본재,Deferred Capital Goods
이연 소득,Deferred Income
이연 지급,Deferred Payment
부족,Deficiency
부족,Deficit
정의,Definition
도,Degree
도 수,Degree Count
그룹화 해제,Degroupage
지연,Delay
위임자,Delegator
삭제,Delete
삭제자,Deleter
심의,Deliberation
연체,Delinquency
지급 연체,Delinquency In Payment
연체,Delinquent
납품,Delivered
납품자,Deliverer
납품,Delivery
납품 지점,Delivery Point
납품 주문,Delivery order
수요,Demand
수요 통지,Demand Notice
수요자,Demander
시연,Demonstration
거부,Denied
분모,Denominator
밀도,Density
출발 및 도착,Depart And Arrival
부서,Department
출발,Departure
출발 국가,Departure From Country
출발지,Departure Place
출발 금지 명령,Departure Prohibition Order
출발역,Departure Station
종속국,Dependency
배치,Deploy
배치,Deployment
예치,Deposit
보관소,Depositary
예치 중,Depositing
예치인,Depositor
창고,Depot
감가상각,Depreciation
담당 부서,Dept In Charge
깊이,Depth
대기열에서 제거,Dequeue
등록 해제,Deregistered
등록 해제,Deregistration
파생,Derivation
설명,Description
설계,Design
지정,Designation
희망 가치,Desired Value
책상,Desk
목적지,Destination
파기,Destroy
파기,Destroyed
파기,Destruction
분리,Detached
상세,Detail
상세 분류,Detail Classification
상세 가치,Detail Value
상세 설명,Detailed Statement
상세,Details
탐지,Detection
탐지기,Detector
억류,Detention
판정,Determination
판정,Determined
우회,Detour
파괴,Devastation
개발,Development
편차,Deviation
장치,Device
DGI,Dgi
진단,Diagnosis
도표,Diagram
직경,Diametre
일지,Diary
사전,Dictionaray
디젤,Diesel
차이점,Difference
차이점,Different
차이점 의견,Different Opinion
어려움,Difficulties
확산,Diffusion
요약,Digest
숫자,Digit
디지털,Digital
디지털화,Digitalized
차원,Dimension
차원,Dimensions
딥,Dip
외교관,Diplomat
외교적,Diplomatic
직접,Direct
하역 후 직접 화물 제거,Direct Cargo Removal After Discharge
직접 수출,Direct exportation
지시,Direction
지시,Directive
감독관,Director
디렉토리,Directory
불능화,Disable
불허,Disallowed
재난,Disaster
폐기,Discard
하역,Discharge
하역됨,Discharged
징계,Discipline
공개,Disclose
공개,Disclosure
불만,Discontent
할인,Discount
발견자,Discoverer
발견,Discovery
불일치,Discrepancy
논의,Discuss
논의,Discussion
질병,Disease
질병 및 해충 방제,Disease And Insect Control
불명예,Dishonor
소독,Disinfectoin
디스크,Disk
디스켓,Diskette
해체,Dismantlement
해고,Dismissal
불복종,Disobedience
파견,Dispatch
파견자,Dispatcher
분산,Disperse
이동,Displacement
전시,Display
처분,Disposal
처분,Disposition
분쟁,Dispute
분쟁,Disputed
자격 박탈,Disqualification
자격 박탈,Disqualified
불만,Dissatisfaction
유포,Dissemination
유포자,Disseminator
해산,Dissolution
거리,Distance
거리1,Distance1
거리2,Distance2
거리3,Distance3
거리4,Distance4
구별,Distinct
구별,Distinction
압류,Distraint
압류 담당자 비용,Distraint Agent Costs
압류,Distress
압류 영장,Distress warrant
분배,Distribute
분배,Distribution
구역,District
방해,Disturbance
폐기,Disuse
분할,Divide
분할,Division
도착,Dock
문서,Document
도메인,Domain
거주지,Domecile
국내,Domestic
기증,Donation
완료,Done
기증자,Donor
문,Doors
휴면,Dormancy
도르사산,Dorsasan
선량계,Dosimeter
이중,Double
의심,Doubt
다운로드,Download
초안,Draft
초안 작성자,Drafter
단점,Drawback
서랍,Drawer
그림,Drawing
그림,Drawn
음주,Drink
운전,Drive
운전자,Driver
운전,Driving
운전면허증,Driving license
운전학원,Driving school
낙하,Dropping
낙하,Drops
낙하 위반,Drops Offence
약물,Drug
약물,Drugs
이중성,Duality
이중화,Dualization
만기,Due
더미,Dummy
더미 속 채우기,Dummy stuffing
덤핑,Dumping
중복,Duplicate
중복,Duplication
기간,Duration
과세 가능,Dutiable
관세,Duty
면세점,Duty Free Shop
전자책,E
전자책,EBook
EFD,EFD
EFDMS,EFDMS
수입,EMONEY
EMTL,EMTL
EPC,EPC
ERV,ERV
ETI,ETI
ETSMS,ETSMS
각각,Each
귀,Ear
조기,Early
조기 경고,Early warning
수입,Earning
완화,Easing
동아프리카 공동체,East african community
경제,Economic
경제,Economy
생태,Ecor
편집,Edit
편집 가능,Editable
편집 중,Editing
판,Edition
편집자,Editor
교육,Education
효과,Effect
효과적,Effective
효과성,Effectiveness
효과,Effects
효능,Efficacy
Efta,Efta
경과,Elapsed
전기,Electricity
전자,Electronic
전자 화물 추적,Electronic cargo tracking
전자 화물 추적 시스템,Electronic cargo tracking system
전자 원산지 증명서,Electronic certicate of origin
전자 라이브러리,Electronic library
요소,Element
엘리베이터,Elevator
적격,Eligible
기타,Elsewhere
이메일,Email
이메일1,Email1
이메일2,Email2
탑승,Embarkation
탑승됨,Embarked
탑승자,Embarker
구현,Embodiment
비상,Emergency
이모티콘,Emoji
직원,Employee
직원들,Employees
고용주,Employer
고용,Employment
빈,Empty
빈 컨테이너,Empty Container
Ems,Ems
활성화,Enable
제정,Enactment
동봉,Enclosure
조우,Encounter
암호화,Encrypted
암호화,Encryption
종료,End
배서인,Endorsee
배서인,Endorsement
배서인,Endorser
종료점,Endpoint
에너지 및 수도 시설 규제 당국,Energy and water utilities regulatory authority
시행,Enforce
시행,Enforcement
참여,Engage
참여,Engagement
기관,Engine
엔지니어,Engineer
영어,English
확대,Enlargement
계몽,Enlightenment
입대,Enlistment
진입,Enter
엔터프라이즈,Enterprise
엔터프라이즈 개수,Enterprise Count
엔터티,Entity
입국 회사,Entrance Company
입국 국가,Entrance Country
입국자,Entrant
기업가,Entrepot
위탁,Entrust
위탁,Entrusting
입국,Entry
입항,Entry Into Port
입항 및 이륙,Entry Into Port & Take-Off
가정용 입국,Entry for home use
창고용 입국,Entry for warehousing
봉투,Envelope
환경,Environment
장비,Equipment
지분,Equity
등가물,Equivalent
삭제,Erasure
오류,Error
오류 키,Error key
에스크로,Escallation
봉인,Escrow
에센스,Eseal
필수,Essence
설립 세금,Essential
설립,Established TAX
재산,Establishment
부동산,Estate
추정,Estimate
추정,Estimated
추정,Estimation
에탄올,Ethanol
Eu,Eu
Eur,Eur
대피,Evacuation
탈피,Evaded
평가,Evaluation
평가자,Evaluator
탈피,Evasion
사건,Event
증거,Evidence
증거 문서,Evidentiary Document
시험,Exa
시험,Exam
시험,Examination
시험관,Examiner
시험기관,Examining Body
예시,Example
Excel,Excel
Excellence,Excellence
목적 제외,Except For Purpose
예외,Exception
초과,Excess
초과 연령,Excess age
교환,Exchange
소비세 부과 대상,Excisable
소비세,Excise
제외,Exclude
제외,Excluding
제외,Exclusion
독점,Exclusive
집행,Execute
집행,Execution
집행인,Executive
집행자,Executor
면제,Exempt
면제,Exempted
면제,Exempted
면제,Exemption
행사,Exercise
전시,Exhibit
전시,Exhibition
존재,Exist
존재,Existence
존재와 비존재,Existence And Nonexistence
존재,Existing
종료,Exit
종료 노트,Exit note
확장,Expansion
기대,Expectation
예상,Expected
지출,Expend
지출,Expenditure
지출,Expense
지출,Expenses
경험,Experience
실험,Experiment
전문가,Expert
만료,Expiration
만료,Expiry
설명,Explanation
폭발물,Explosive
폭발물,Explosives
지수,Exponent
수출,Export
수출 신고,Export Declaration
수출 이행,Export Fulfilment
수출 장소,Export Place
수출 가공 구역,Export processing zone
수출자,Exporter
노출,Exposure
표현,Expression
확장,Extend
확장됨,Extended
확장 가능한 마크업 언어,Extensible markup language
확장,Extension
확장 출발 금지 명령,Extension Departure Prohibition Order
말살,Extermination
외부,External
외부 포털,External Portal
멸종,Extinction
근무 시간 이후 추가 개방,Extra Opening After Office Hours
추출,Extract
추출,Extraction
엑스트라넷,Extranet
눈,Eye
F,F
F43,F43
F89,F89
페이스북,Face
페이스북,Facebook
시설,Facility
직면,Facing
사실,Fact
요인,Factor
공장,Factory
장애 조치,Failover
고장,Failure
낙하,Fall
거짓,Falsehood
위조,Falsify
가족,Family
가족 이름,Family Name
자주 묻는 질문,Faq
농장,Farm
농가,Farmhouse
고정됨,Fastened
결함,Faulty
즐겨찾기,Favorites
팩스,Fax
특징 및 의류,Features And Clothes
2월,Febuary
수수료,Fee
피드,Feed
피드백,Feedback
발,Feet
여성,Female
섬유질,Fiber
가상,Fictive
필드,Field
파일,File
파일 폴더,File Folder
파일링,Filed
파일링,Filing
채우기,Filling
채우기,Fills
필름,Filter
필터,
금융,Finace
최종,Final
금융,Finance
금융,Financial
자금 제공자,Financier
자금 조달,Financing
펀드,Find
찾기,Finder
파인더,Finding
찾는 중,Fine
벌금,Fines
벌금,Finger
핑거,Finish
화재,Fire
총기류,Firearms
방화벽,Firewall
펌웨어,Firmware
첫 번째,First
재정,Fiscal
어업,Fishery
수리,Fix
수리 중,Fixing
경기 일정,Fixtures
플래그,Flag
평일 요금,Flatrate
플렉사일,Flexile
항공편,Flight
항공편명,Flight Name
항공편 번호,Flight no
플로트,Float
층,Floor
층수,Floor Number
유량,Flow
유량계,Flow meter
Flv,Flv
비행,Flying
폴더,Folder
후속 조치,Follow-up
팔로잉,Following
후속 조치,Followup
글꼴,Font
음식,Food
바닥글,Footer
비공개용,For Non Verification
공식 용도,For Official Use
확인용,For Verification
외국,Foreign
외화,Foreign Currency
외환,Foreign Exchange
환율,Foreign Exchange Rates
외국 소득,Foreign Income
외국 키,Foreign key
외국인,Foreigner
법의학,Forensic
위조,Forge
양식,Form
형식,Formality
형식,Format
수식,Formula
수식,Formular
40,Forty
포럼,Forum
포워드,Forwaded
포워드,Forward
포워더,Forwarder
파운데이션,Foundation
네번째,Fourth
Fr,Fr
프레임워크,Framework
사기 방지,Fraud
무료,Free
무료 운송,Free carrier
무료 기내 반입,Free on board
무료 생수,Free water
무료 탑승,Freeboard
자유,Freedom
프리웨어,Freeware
화물,Freight
프랑스어,French
빈도,Frequency
금요일,Friday
출발지,From
앞,Front
과일,Fruitage
FTA,Fta
FTC,Ftcs
연료,Fuel
이행,Fulfill
이행,Fulfillment
이행,Fulfilment
풀,Full
풀 컨테이너,Full Container
풀 컨테이너 적재,Full container load
전액 지불,Full payment
훈증,Fumigation
기능,Function
기능성,Functionality
기능,Functioning
자금,Fund
자금 이체,Fund Transfer
가구,Furniture
선물,Future
선물,Futures
FWA,Fwa
GEPG,GEPG
GFS,GFS
GGR,GGR
GPC,GPC
GPS,GPS
게인,Gain
갤러리,Gallery
갤런,Gallon
게임,Game
게이밍,Gaming
갭,Gap
차고,Garage
가스,Gas
게이트,Gate
게이트 아웃,Gate-out
게이트웨이,Gateway
Gdp,Gdp
성별,Gender
계보,Genealogy
일반,General
일반 진술,General Statement
일반 실패,General failure
생성됨,Generated
생성자,Generator
유전적으로,Genetically
진품,Genuine
지리적,Geographical
일련번호 받기,Get Serial Number
인삼,Ginseng
지로,Giro
요점,Gist
제공됨,Given
글로벌,Global
GMO,Gmo
목표,Goal
진행 중,Going
골프,Golf
좋음,Good
상품,Goods
친선,Goodwill
정부,Government
유예,Grace
등급,Grade
채점,Grading
졸업,Graduation
총액,Grand
총합계,Grand total
보조금,Grant
허가됨,Granted
수혜자,Grantee
허가자,Grantor
과립,Granules
그래프,Graph
녹색,Green
인사말,Greeting
총중량,Gross
지상,Ground
그룹,Group
그룹화,Grouping
재배자,Grower
성장,Growth
보증,Guarantee
보증인,Guarantor
보증,Guaranty
경비원,Guard
경비원,Guardian
경비원,Guardship
Guce,Guce
방문객,Guest
방명록,Guestbook
지침,Guidance
안내서,Guide
안내서,Guidebook
안내서,Guideline
지침서,Guild
길드,Gunpowder
화약,HQ
본부,HS
HS,Habit
습관,Habitability
거주 가능성,Hair
머리카락,Halal
할랄,Half Gross Weight
총중량의 절반,Half-Year
반년,Halt
중단,Hand
손,Hand Out
배달,Hand Work
수작업,Handbook
핸들북,Handing
핸들링,Handle
핸들러,Handler
핸들링,Handling
정보 처리,Handling Of Information
인계,Handover
편리,Handy
항구,Harbor
하드웨어,Hardware
해상,Harm
해시,Hash
책임자,Head
조직 책임자,Head Of Oraganization
부서장,Head Of The Department
관공서장,Head of government office
머리,Header
제목,Heading
본부,Headquarters
건강,Health
건강한,Healthy
청력,Hearing
심장,Heart
키,Height
높이,Heigth
여기_보내기,Here_Send
숨김,Hidden
높음,High
고위험,High risk
최고,Highest
최고 직급,Highest Rank
힌트,Hint
고용,Hire
이력,History
타격,Hitting
취미,Hobby
보류,Hold
보유자,Holder
휴일,Holiday
홈,Home
홈페이지,Homepage
희망,Hope
수평적으로,Horizontally
마력,Horse
마력,Horsepower
호스트,Host
시간,Hour
시간-시간,Hour-Time
주택,House
주택 awb,House awb
주택 b/l,House b/l
주택 b/l 일련번호,House b/l serial number
가구,Household
세대주,Householder
주택,Housing
Hs12,Hs12
Hs2,Hs2
Hs4,Hs4
Hs6,Hs6
Hs8,Hs8
Ht,Ht
Hull,Hull
인사,Human
인사부,Human resource
인사부,Human resource department
습도,Humidity
허들,Hurdle
탄화수소,Hydrocarbon
IATA,IATA
ICT,ICT
신분증,ID
신분증,ID Card
ID1,ID1
ID2,ID2
ID3,ID3
ID4,ID4
ID5,ID5
ID6,ID6
ID7,ID7
ID8,ID8
IMDG,IMDG
IMEI,IMEI
IMO,IMO
IMSI,IMSI
IP,IP
ISIC,ISIC
ISO,ISO
ISO2,ISO2
ITAX,ITAX
아이콘,Icon
아이디어,Idea
식별,Identification
식별됨,Identified
식별자,Identifier
식별,Identify
신분증,Identity
이념,Ideology
불법,Illegality
유동성 없음,Illiquid
이미지,Image
모방,Imitation
즉각적,Immediate
이민,Immigrant
이민국,Immigration Bureau
도입,Imoprtation
영향,Impact
손상,Impairment
불완전성,Imperfection
시행,Implementation
함의,Implications
수입,Import
수입 가격,Import Price
수입 차량 식별,Import Vehicle Identification
수입 허가 요청,Import permit request
수입 품질 시스템,Import quality system
중요성,Importance
수입,Imported
수입업자,Importer
수입-수출업자,Importer-Exporter
수입 및 수출,Imports and exports
부과,Imposition
불가능,Impossible
구금,Imprisonment
부적절함,Impropriety
개선,Improvement
귀속,Imputation
귀속,Impute
내부,In
보세 또는 보세,In Bond Or Bonded
차량 내,In The Car
차례로,In Turn
내부 밸러스트,In ballast
부정확,Inaccuracy
비활성,Inactive
취임식,Inauguration
받은 편지함,Inbox
인치,Inch
사건,Incident
포함,Inclusion
포괄,Inclusive
수입,Income
수입,Incoming
미완료,Incompletion
통합,Incorporated
통합,Incorporation
부정확,Incorrect
인코텀즈,Incoterms
증가,Increasing
증가,Increment
발생,Incur
독립성,Independence
지수,Index
지시,Indication
지표,Indicator
기소,Indictment
간접적,Indirect
개인적,Individual
유도,Induction
산업적,Industrial
산업,Industry
유아,Infant
무한,Infinite
기내,Inflight
유입,Inflow
영향,Influence
정보,Inform
정보 문서,Inform Document
비공식성,Informality
정보 제공자,Informant
정보,Information
정보 및 정보,Information & Intelligence
정보 분석,Information Analysis
정보 기술,Information Technology
정보화,Informationization
정보 제공자,Informed Person
정보1,Informer
정보2,Infos1
인프라,Infos2
위반,Infrastructure
규정 위반,Infringement
성분,Infringement Of Regulations
주민,Ingredient
초기화,Inhabitants
초기화,Initial
초기화,Initialization
개시,Initials
개시자,Initiation
주입,Initiator
상해,Injection
불의,Injury
내륙,Injustice
내륙 컨테이너 창고,Inland
인명부,Inland container depot
내부,Inlist
무죄,Inner
혁신,Innocence
접종,Innovation
현장,Inoculation
진행 중,Inplace
입력,Inprocess
입력 및 출력,Input
문의자,Input & output
문의,Inquirer
문의,Inquiry
문의,Inquiry Into
문의 담당자,Inquiry Preson
삽입,Insert
검사 결과,Inspecting Result
검사,Inspection
검사관,Inspector
납부,Inspention
설치,Install
설치됨,Installed
설치자,Installer
할부,Installment
할부 신청,Installment Application
인스턴스,Instance
기관,Institution
지시,Instruct
강사,Instructor
도구,Instrument
부족,Insufficiency
보험,Insurance
보험료,Insurance Fee
보험사,Insurer
무형,Intangible
집적 회로 카드,Integrated circuit card
지적,Intellectual
지능,Intelligence
의도,Intendance
의도,Intended use
의도,Intenion
집중적,Intensive
의도,Intention
회사 간,InterCompany
상호작용,Interaction
차단,Intercept
차단,Interception
교환,Interchange
이해관계,Interest
이해관계,Interests
인터페이스,Interface
중개자,Intermediary
중간자,Intermediate
내부,Internal
내부 조사,Internal Investigation
내부 포털,Internal Portal
내부 외부,Internal external
국제,International
국제기구,International Body
인터넷,Internet
인터폴,Interpol
해석,Interpretation
상호관계,Interrelationship
심문,Interrogation
방해,Interrupt
간격,Interval
개입 수준,Intervention Level
면담,Interview
내부,Intra
도입,Introduction
무효,Invalid
재고,Inventory
조사,Investigation
조사 조항,Investigation Clause
조사 대상,Investigation Target
조사관,Investigator
투자,Investment
투자자,Investor
초대장,Invitation
송장,Invoice
관련,Involved
수신,Inward
불규칙,Irregularity
섬,Islands
격리,Isolation
ISP,Isps
발급,Issuance
발급,Issue
발급된,Issued
발급자,Issuee
발급자,Issuer
품목,Item
반복,Iteration
여정,Itinerary
재고 상품,Iventory Goods
자쿠지,Jacuzzi
1월,January
일본,Japan
일본어,Japanese
제퍼디,Jeopardy
보석,Jewelry
직무,Job
직무 승인,Job Approve
공동,Joint
분개,Journal
분개,Journalizing
판사,Judge
판결,Judgement
판결,Judgment
사법부,Judicature
사법,Judicial
사법부,Judiciary
7월,July
6월,June
관할권,Jurisdiction
법인,Juristical Person
공정성,Justness
KPI,KPI
Keel To Masthead,Keel To Masthead
Keeper,Keeper
케냐 항만청,Kenya port authority
키워드,Key
키워드,Key Word
키워드1,Key1
키워드2,Key2
키워드3,Key3
키워드4,Key4
키워드,Keyword
킬로그램,Kilogram
킬로와트,Kilowatt
종류,Kind
키트,Kit
주방,Kitchen
기술,Knack
노하우,Know_how
지식,Knowledge
한국,Korea
한국어,Korean
크리비 터미널,Kribi Terminal
LOGS,LOGS
라벨,Label
라벨링,Labelling
실험실,Laboratory
Lack,Lack
라미네이터,Laminator
육로,Land
육로 경로,Land Route
육로 운송 규제 당국,Land transport regulatory authority
착륙,Landing
유선,Landline
임대인,Landlord
차선 광장,Lane plaza
언어,Language
대형 분류,Large Classification
대형 수량,Large Quantity
최근,Last
지난 달,Last Month
최근 가격,Last Price
작년,Last Year
지연,Late
지연 신고,Late filing
지연,Latency
위도,Latitude
출시,Launching
세탁,Laundry
법률,Law
법률 및 규정,Laws And Regulations
변호사,Lawyer
레이아웃,Layout
리더,Leader
리딩,Leading
학습,Learning
임대,Lease
임차권,Leasehold
리스,Leasing
가죽,Leather
떠남,Leave
원장,Ledger
좌측,Left
유산,Legacy
법률,Legal
합법성,Legality
합법성,Legitimacy
대출인,Lender
대출,Lending
길이,Length
수직선 사이의 길이,Length Between Perpendicular
전체 길이,Length Over All
컨테이너 적재량 미만,Less than container load
임차인,Lessee
적은 금액,Lesser
합의된 적은 금액,Lesser amount agreed
영수증,Letter
신용장,Lettre De Credit
레벨,Lev
레벨,Level
레벨3,Level3
레벨5,Level5
부과금,Levy
추가 부과금,Levy In Addition
대형,Lg
책임,Liabilities
책임,Liability
범죄 책임,Liability To Crime
책임 있는,Liable
도서관,Library
면허,Licence
면허증,License
면허증 증명서,License Certificate
차량 번호판,License plate number
면허증,License
허가증,permit
원산지 증명서,certificate of origin
other,기타
면허 발급 기관,Licenser
수명,Life
양력,Lift
등선,Light Ship
등대선,Lightship
가능성,Likelihood
한계,Limit
선,Line
내부,Lining
연결,Link
연계,Linkage
연결됨,Linked
액체,Liquid
청결,Liquidation
유동성,Liquidity
목록,List
목록 정리,List Clearance
청취자,Listener
청취,Listening
목록,Listing
리터,Liter
문헌,Literature
소송,Litigation
소규모,Littleness
적재,Load
적재량2,Load2
적재됨,Loaded
로더,Loader
적재,Loading
상하차,Loading And Unloading
적재 구역,Loading Area
적재 장소,Loading Place
대출,Loan
현지,Local
현지화,Locality
현지화,Localization
현지적,Locally
위치,Location
잠금,Lock
잠김,Locked
숙소,Lodge
숙소,Lodgement
숙소,Lodging
일지,Lodgment
일지부,Log
로깅,Log book
논리,Logging
논리적,Logic
로그인,Logical
로그인,Login
물류,Logistics
로고,Logo
로그아웃,Logout
장기,Long
장기,Long-Term
경도,Longitude
느슨함,Loose
손실,Loss
분실,Lost
로트,Lot
로트,Lots
낮음,Low
낮음,Lower
낮은 부분,Lower Part
낮춤,Lowered
최저,Lowest
최저 한도,Lowest Limit
최저 한도 가격,Lowest Limit Price
윤활유,Lubricant
윤활유류,Lubricants
일괄,Lump
일괄,Lumpsum
고급,Luxury
LVI,Lvi
MBI,MBI
MCD,MCD
MDF,MDF
MOF,MOF
MTI,MTI
기계,Machine
기계류,Machinery
매크로,Macro
제조,Made
매거진 및 폐기,Magasin & Dedouanement
우편,Mail
본사,Main
본토,Mainland
유지관리,Maintain
유지 보수,Maintenance
주요,Major
제조,Make
이의 제기,Make An Objection
제조자,Maker
제조,Making
복사본 제작,Making A Copy
말라위 세무 당국,Malawi revenue authority
말레이시아,Malaysia
남성,Male
남성,Man
경영,Management
운송수단 관리,Management Of Means Of Transport
관리자,Manager
면세 및 모니터링 관리자,Manager Tax Exemption and Monitoring
전무이사,Managing director
임명,Mandate
임명인,Mandator
필수,Mandatory
적하목록,Manifest
적하목록 참조 번호,Manifest reference number
매뉴얼,Manual
제조,Manufactory
제조,Manufacture
제조품 제조,Manufacture Commodity
보증 하에 제조,Manufacture under bond
제조,Manufactured
제조업체,Manufacturer
제조업체,Manufactures
지도,Map
매핑,Mapping
3월,March
마진,Margin
해상,Marine
마크,Mark
마커,Markers
시장,Market
시장 가격,Market Price
마케터,Marketer
마케팅,Marketing
매리지,Marriage
마스킹,Masking
질량,Mass
마스터,Master
마스터 선적항,Master b/l
마스터 선적항 일련번호,Master b/l serial number
일치,Match
일치됨,Matched
자재,Material
매트릭스,Matrix
물질,Matter
성숙,Mature
성숙도,Maturity
Mawb,Mawb
최대,Maximum
5월,May
Mc,Mc
평균,Means
측정,Measure
측정,Measurement
고기,Meat
미디어,Media
중간값,Median
중재,Mediation
약물,Medication
의약품,Medicine
마감일 준수,Meet Deadlines
회의,Meeting
용융,Melt
회원,Member
회원 가입,Membership
메모,Memo
각서,Memorandum
기억,Memory
수리,Mending
메뉴,Menu
병합,Merge
메시지,Message
메시어스,Messieurs
메타,Meta
메타데이터,Metadata
메타데이터,Metage
미터,Meter
방법,Method
방법론,Methodology
미터 톤,Metric Ton
메트릭,Metrics
마이크로,Micro
중간,Middle
중간 분류,Middle Classification
이주,Migration
마일리지,Mileage
밀리초,Millisecond
광물,Mineral
최소,Minimum
광업,Mining
부처,Ministry
재무부,Ministry of Finance
경미,Minor
분,Minute
분,Minutes
기타,Miscellaneous
혼합 가능,Miscible
오해,Misconception
불일치,Mismatch
미션,Mission
혼합,Mix
MMS,Mms
MMSi,Mmsi
모바일,Mobile
이동통신사,Mobile network operator
모의,Mock
모드,Mode
모델,Model
수정,Modification
수정됨,Modified
수정자,Modifier
수정,Modify
모듈,Module
월요일,Monday
화폐,Monetary
돈,Money
입금,Money In
출금,Money Out
모니터링,Monitored
모니터링,Monitoring
독점,Monopoly
월,Month
월 및 일,Month And Day
매월,Monthly
월,Months
계류,Mooring
주택담보대출,Mortgage
주택담보대출 할인,Mortgage Discount
동작,Motion
동기,Motive
자동차,Motor
자동차 활성화,Motor Vehicle Activation
자동차 규정 준수 검사,Motor Vehicle Compliance Check
Mou,Mou
형성 폭,Moulded Breadth
형성 깊이,Moulded Depth
마운팅,Mounting
이동,Move
이동,Movement
많음,Much
다중,Multi
다중 모드 운송,Multimodal transport
다국적,Multinational
다중,Multiple
다목적 인터넷 메일 확장 프로그램,Multipurpose internet mail extensions
음악,Music
내,My
내 페이지,My page
미스터리 잭팟,Mystery Jackpot
NBAA,NBAA
NIDA,NIDA
NIN,NIN
NOI,NOI
부가가치세 없음,NON-VAT
NSWIFT,NSWIFT
이름,Name
이름1,Name1
이름2,Name2
이름3,Name3
이름4,Name4
이름5,Name5
마약,Narcotic
설명,Narration
설명,Narrative
전국,Nation wide
국가,National
국고,National Treasury
국가 통화,National currency
국적,Nationality
토착민,Native
토착민 및 외국인,Native And Foreigner
천연,Natural
천연자원,Natural resource
성격,Nature
훈련 성격,Nature Of Training
지불 성격,Nature of Payment
사업 성격,Nature of business
근거리 무선 통신,Near field communication
필요성,Necessity
필요,Need
부정적,Negative
협상,Negotiation
순,Net
순톤수,Net Tonnage
순중량,Net Weight
순질량,Net mass
순가격,Net price
순표준량,Net standard volume
순량,Net volume
네트워크,Network
네트워크 서비스 제공업체,Network Service Provider
중립성,Neutrality
신규,New
신제품,New Product
최신,Newest
뉴스,News
다음,Next
넥서스,Nexus
별명,Nickname
야간,Night
없음,Nil
탑승객 없음,No Boarding Passenger
상업적 가치 없음,No Commercial Value
소득 없음,No Income
기록 없음,No Record
총소득 없음,No Total Income
부과 없음,No impose
노드,Node
명목상,Nominal
없음,Non
신고 불가,Non Creditable
면제 불가,Non Exemption
수혜자 없음,Non beneficiary
운영 불가,Non-Operation
기소 불가,Non-Prosecution
판매 불가,Non-Sale
세금 면제 불가,Non-Tax
비살상 무기,Non-lethal weapon
미수령,Non-receipt
미구제,Non-relief
미제출,Non-submit
미현재,NonCurrent
미적격,NonEligible
미최종,Nonfinal
미이행,Nonfulfillment
미납,Nonpayment
미허가,Nonpermission
미거주,Nonresidence
비거주자,Nonresident
미활용,Nonutilized
미벌금지,Nopenalty
정상,Normal
정상 흐름,Normal Flow
정상 상태,Normality
비밀봉,Noseal
미적용,Not
미도착,Not Apply
미징수,Not Arrival
미수령,Not Citation
미적용,Not Drawback
미도착,Not Loading And Unloading
미징수,Not Receive
미수령,Not applicable
미적용,Not filing
미제출,Not loading
미제출,Not release
미탑재,Not report
참고,Note
공지사항 발행,Note Issuing
공지,Notice
공지사항,Notice Article
공지평가,Notice Assessment
인증거부공지,Notice Of Refusal Of Certification
공지서,Notice Sheet
공지인,Noticer
공지,Notification
공지,Notify
공지당사자,Notify Party
11월,November
지금,Now
현재 스테이션,Now Station
Null,Null
숫자,Number
횟수,Number Of Times
숫자1,Number1
숫자2,Number2
숫자3,Number3
숫자4,Number4
번호 매기기,Numbering
숫자,Numeral
분자,Numerator
숫자,Numeric
숫자 값,Numeric_value
OHADA,OHADA
목적,Object
이의,Objection
목적,Objective
의무,Obligation
의무자,Obligator
준수,Observance
관찰,Observation
관찰,Observe
관찰자,Observer
장애물,Obstacle
획득,Obtain
획득,Obtainment
점유,Occupancy
점유,Occupation
발생,Occur
발생,Occurrence
10월,October
Odbr,Odbr
Odcy,Odcy
Oem,Oem
Off,Off
Off the course,Off the course
위반,Offence
위반 통지,Offence Notice
위반자,Offender
위반,Offense
제안,Offer
제안자,Offerer
사무실,Office
임원,Officer
공식,Official
공식 문서,Official Document
공식 인장,Official Seal
공식 권한,Official authority
오프라인,Offline
상쇄,Offset
해외,Offshore
석유,Oil
석유 마케팅 회사,Oil marketing companies
Ok,Ok
이전,Old
생략,Omission
생략,Omit
온,On
선상,On board
선상,Onboard
일회용 비밀번호,One time password
자신의 집,One`S Own House
본인,Oneself
온라인,Online
전용,Only
소유권,Onwership
공개,Open
공개 공간,Open space
개설자,Opener
개설,Opening
개설 가격,Opening Price
공개,Opening To The Public
운영,Operate
운영,Operating
운영,Operation
운영자,Operator
의견,Opinion
반대,Opposite
옵티마이저,Optimizer
옵션,Option
오라클,Oracle
주문,Order
주문 혼합,Order Compoundment
주문,Ordering
일반성,Ordinariness
유기적,Organic
조직,Organization
조직들,Organizations
조직화,Organize
지향성,Orientation
지향성,Oriented
원산지,Origin
원산지 국가,Origin Country
원산지,Original
원산지 추가 비용,Original Addition Cost
원산지 기반,Original Base
원산지 지불 연체,Original Delinquency In Payment
원산지 통지서,Original Notice Sheet
원산지,Originating
고아,Orphan
Os,Os
기타,Other
기타 기능,Other Function
기타 정부 기관,Other government agency
기타 정부 부서,Other government department
기타 수입 절차,Other import procedures
기타 세무 당국,Other revenue authorities
기타,Others
기타 비용,Others Cost
당사,Our
발신,Out
발신함,Outbox
결과,Outcome
발신,Outgoing
이상치,Outlier
산출,Output
초기,Outset
외부,Outside
외부 연결,Outside Connection
외부인,Outsider
미해결,Outstanding
산출,Outturn
외부,Outward
초과,Over
전체,Overall
전체 목표,Overall target
당좌 대월,Overdraft
연체,Overdue
연체 상품,Overdue Goods
과지급,Overpaid
과지급,Overpayment
과지급 또는 오지급,Overpayment Or Erroneous Payment
해외,Overseas
해외 사업 연결,Overseas Business Connection
초과 체류,Overstay
초과 근무,Overtime
개요,Overview
소유,Own
소유,Owned
소유자,Owner
소유권,Ownership
PAYE,PAYE
패키지,Package
포장,Packaging
패키지,Packet
포장,Packing
페이지,Page
지불됨,Paid
납입자본,Paid-up capital
파나마 운하,Panama Canal
패널,Panel
종이,Paper
종이 없는,Paperless
파라곤,Paragon
단락,Paragraph
병렬 처리,Parallelism
병렬화,Parallelization
매개변수,Parameter
매개변수1,Parameter1
매개변수2,Parameter2
매개변수3,Parameter3
구획,Parcel
상위,Parent
파트 분석,Parsing
부분,Part
부분적,Partial
참가자,Participant
참여,Participate
참여,Participation
특정,Particular
특정 사항,Particulars
분할,Partition
파트너,Partner
파트너십,Partnership
당사자,Party
통행권,Pass
통행,Passage
승객,Passenger
통행,Passing
여권,Passport
비밀번호,Password
과거,Past
패치,Patch
특허,Patent
경로,Path
환자,Patient
순찰,Patrol
패턴,Pattern
일시 정지,Pause
지불,Pay
지불 가능,Payable
수취인,Payee
지불인,Payer
납부,Payin
탑재량,Payload
지불,Payment
지불 약정 계획,Payment Arrangement Plan
납부세 할부,Payment Tax Installment
지불 서비스 제공업체,Payment service provider
급여,Payroll
PDF,Pdf
행상인,Peddler
벌금,Penalty
보류,Pending
1인당,Per
회사당,Per Company
국가당,Per Country
기관당,Per Institution
종류당,Per Kind
세금 종류당,Per Kind Of Tax
1박당,Per Night
급여당,Peracute
백분율,Percent
백분율,Percentage
완벽함,Perfection
성과,Perfomance
성과,Performance
기간,Period
이행 기간,Period Of Fulfilment
주기성,Periodicity
영구,Permanent
허가,Permission
허가,Permit
영구,Perpetual
영구적,Pershable
폐쇄 가능,Person
인,Person Of Cancellation
취소인,Person in charge
담당자,Personal
개인,Personal identification number
개인식별번호,Personalized
개인화된,Personnel
인원 수,Personnel Count
관련,Pertaining to
페루,Peru
청원,Petition
휘발유,Petrol
석유,Petroleum
사소한,Petty
Pg,Pg
약사,Pharmacist
단계,Phase
현상,Phenomena
사진,Photograph
사진술,Photography
구문,Phrase
프탈레이트,Phthalates
물리적,Physical
채취,Picking
사진,Picture
약탈,Pillaged
기둥,Pillar
조종사,Pilot
도선,Pilotage
권총,Pistol
장소,Place
배출 장소,Place Of Discharge
적재 장소,Place Of Loading
선적 장소,Place Of Shipping
배치,Placement
계획,Plan
계획된,Planned
플래너,Planner
계획,Planning
식물,Plant
식재,Planting
접시,Plate
플랫폼,Platform
간청,Pleading
공약,Pledge
토지,Plot
플러그,Plug
복수형,Plural
Plv,Plv
Pnr,Pnr
우편 사서함,Pobox
지점,Point
포인터,Pointer
경찰,Police
정책,Policy
풀,Pool
인구,Population
팝업,Popup
항구,Port
항구 자율권,Port Autonome
입국항,Port of entry
포털,Portal
부분,Portion
포틀릿,Portlet
직위,Position
직위 수,Position Count
보유 직위,Position Held
소유,Possession
소유자,Possessor
가능성,Possibility
가능성,Possible
사후 감사,Post Audit
사후 검사,Post Examination
사후 관리,Post Management
사후 통관 감사,Post clearance audit
사후 입국,Post entry
우편,Postal
우편물,Postal matter
발송,Posting
후불,Postpaid
연기,Postpone
연기,Postponement
잠재력,Potential
파우치,Pouch
권한,Power
실무,Practice
실무자,Practiser
도착 전 신고,Pre-arrival declaration
사전 조정,Prearrangement
선례,Precedent
정밀도,Precision
예정자,Predestinator
술어,Predicates
예측,Prediction
선호도,Preference
접두사,Prefix
예비,Preliminary
전제,Premise
전제,Premises
보험료,Premium
준비,Preparation
선불,Prepayment
선불 금액,Prepayment Amount
처방,Prescribe
처방,Prescription
현재,Present
현재 상태,Present Condition
제시,Presentation
제시자,Presenter
보존,Preservation
사장,President
추정,Presumptive
전제 가정,Presupposition
사전 치료,Pretreat
승인,Prevailing
예방,Prevention
미리보기,Preview
이전,Previous
지난해,Previous Year
지난달,Previous month
지난 분기,Previous quarter
지난해 및 월,Previous year and month
지난해 및 분기,Previous year and quarter
가격,Price
주요,Primary
주요 키,Primary Key
주요,Principal
원칙,Principle
인쇄,Print
인쇄물,Printed Matter
인쇄,Printing
이전,Prior
우선순위,Priority
비공개,Private
권한,Privilege
확률,Probability
보호관찰,Probation
문제,Problem
절차,Procedure
절차,Procedures
진행,Proceed
수익,Proceeds
처리,Process
처리됨,Processed
처리,Processing
처리자,Processor
조달,Procure
조달,Procurement
생산,Produce
생산됨,Produced
생산자,Producer
제품,Product
제품 수,Product Count
제품 목록,Product List
제품세,Product Tax
생산,Production
전문,Professional
프로파일,Profile
프로파일링,Profiling
이익,Profit
이익 손실,Profit loss
프로포마,Proforma
프로그램,Program
진행,Progress
진행형 잭포트,Progressive Jackport
금지,Prohibition
프로젝트,Project
예상,Projected
예상,Projection
프롤로그,Prologue
약속,Promise
약속어음,Promissory Note
승인,Promotion
공포,Promulgation
선고,Pronouncement
증명,Proof
전파,Propagation
추진,Propelled
추진자,Propeller
재산,Proper
재산권,Property
비율,Proportion
제안,Proposal
제안된,Proposed
소유자,Proprietor
재산권,Propriety
추진,Propulsion
기소,Prosecute
기소인,Prosecution
검찰관,Prosecutor
예상,Prospect
보호,Protection
항의,Protest
공증인,Prothonotary
의정서,Protocol
제공자,Provider
제공,Provision
정보 제공,Provision Of Information
제공 공급,Provision Supply
가정,Provisional
단서,Proviso
공개,Public
공개 경매,Public Auction
공개 증명서,Public Certificate
공개 인증,Public Certification
공무원,Public Servant
공고,Publication
공개,Publish
공개 회사,Publish Company
공개됨,Published
발행인,Publisher
처벌,Punishment
학생,Pupil
매수,Purchase
매수 수수료,Purchase Fee
매수 대금,Purchase Money
매수 지시서,Purchase Order
구매자,Purchaser
순도,Purity
목적,Purpose
추진,Push
QABP,QABP
Qblock,Qblock
Qna,Qna
Qr,Qr
Qte 포장,Qte Emballage
자격,Qualification
품질,Quality
수량,Quantity
검역,Quarantine
분기,Quarter
분기별,Quarterly
분기별,Quartier
준사법적,Quasi-Judicial
부두,Quay
질의,Query
질문,Question
설문지,Questionary
설문지,Questionnaire
대기열,Queue
대기 중,Queued
할당량,Quota
견적,Quotation
RAABP,RAABP
RAEBP,RAEBP
재신청,REAPPLICATION
RII,RII
ROI,ROI
랙,Rack
방사선,Radiation
무선,Radio
전파,Radio Wave
방사능,Radioactivity
반경,Radius
철도,Rail
철도,Railroad
무작위,Random
범위,Range
등급,Rank
급속,Rapid
급속성,Rapidity
비율,Rate
평가 가능,Rateable
등급,Rating
비율,Ratio
원자재,Raw
원자재,Raw Materials
Rccm,Rccm
Rdl,Rdl
재분석,Re-Analysis
재감사,Re-Audit
재분류,Re-Classification
재요청,Re-Request
재수출,Re-export exportation
재수입,Re-importation
재경로 변경,Re-route
도달,Reaching
반응,Reaction
판독,Read
판독자,Reader
판독,Reading
준비,Ready
준비금,Ready money
시약,Reagent
실제,Real
실시간,Real-time
실시간 모니터링 시스템,Real-time monitoring system
실현,Realization
재할당,Reallocation
영역,Realm
재신청,Reapply
재임명,Reappoinment
재평가,Reappraisal
사유,Reason
재평가,Reassessment
재할당,Reassign
재할당자,Reassigner
재할당,Reassignment
재승인,Reauthorization
리베이트,Rebate
리베이트 제공자,Rebater
리베이트,Rebates
재계산,Recalculation
회수,Recall
수취,Receipt
미수금,Receivables
수취,Receive
수취,Received
수취인,Receiver
수취 중,Receiving
최근,Recent
접수,Reception
접수원,Receptionist
수신자,Recipient
인식,Recognition
재조합,Recombination
추천,Recomendation
추천,Recommandation
추천하다,Recommend
권장 사항,Recommendations
추천자,Recommender
재건,Recon
화해,Reconciled
화해,Reconciliation
재건,Reconstruction
기록,Record
기록,Recording
복구,Recover
복구 가능,Recoverable
복구됨,Recovered
복구,Recovery
모집,Recruitment
정정,Rectification
적색,Red
재개발,Redevelopment.
재분배,Redistribution
재실행,Redo
감소,Reduce
감소,Reduction
감소 및 예외,Reduction And Exception
재검토,Reexamine
재수출,Reexport
참조,Refer
심판,Refereeing
참고,Reference
정리,Refininf
반사,Reflect
반사체,Reflector
환류,Reflux
개량,Reform
상쾌하게,Refresh
냉장,Refrigeration
냉장고,Refrigerator
급유,Refueling
환불,Refund
환불됨,Refunded
환불,Refundment
거부,Refusal
거부,Refuse
정식,Regal
관심,Regard
제도,Regime
지역,Region
지역적,Regional
지역 세관 통과 보증,Regional customs transit guarantee
등록,Register
등록됨,Registered
등록자,Registrant
등록기관,Registrar
등록,Registration
등록부,Registry
재교부,Regrant
퇴보,Regression
정규성,Regularity
규제,Regulation
규제,Regulatory
복구,Rehabilitation
재수입,Reimport
재수입 - 재수출,Reimport - Reexport
재검사,Reinspection
복원,Reinstatement
재계장,Reinstrumentation
재보험,Reinsurance
재보험사,Reinsurer
재발급,Reissue
거부,Rejected
거부,Rejection
관련,Related
관계,Relation
관계 기본 정보,Relation Basic Information
관계자,Relation Person
관계,Relationship
중계,Relay
해제,Release
해제 및 반입,Release And Bring
해제 명령,Release Order
해제됨,Released
관련성,Relevant
신뢰성,Reliability
구제,Relief
종교,Religion
재장전,Reloading
남음,Remain
나머지,Remainder
나머지 통지,Remainder Notice
남음,Remained
선내 잔류,Remaining on board
비고,Remark
알림,Reminder
면제,Remission
송금,Remittance
원격,Remote
제거,Removal
제거,Remove
보수,Remuneration
재협상,Renegotiation
갱신,Renew
갱신,Renewal
임대료,Rent
임대료,Rental
임대료,Rental Fee
임대료,Rented
임대,Renumeration
보수,Reopen
재개방,Reopening
재개방,Repackage
재포장,Repacking
수리,Repair
송환,Repatriated
송환,Repatriation
상환,Repayment
재배포,Repblish
교체,Replacement
보충,Replenishment
보충,Repletion
복제,Replication
답변,Reply
보고,Report
보고 부서,Report Department
보고서 문서,Report Document
결과 보고,Report Results
상급자에게 보고,Report To Superior Official
보고됨,Reported
보고자,Reporter
진술,Representation
대표,Representative
견책,Reprimand
재인쇄,Reprint
재처리,Reprocess
복제,Reproduction
재발행,Repush
요청,Request
복원 요청,Request Compoundment
인원 요청,Request Person
자산 검색 요청,Request Search Asset
요청됨,Requested
요청자,Requester
필수,Required
필수 수량,Required Quantity
필수,Requirement
필수,Requirements
재정정,Rerectification
재등록,Reregistered
재등록,Reregistration
재판매,Resale
재봉인,Reseal
연구,Research
연구원,Researcher
재선정,Reselection
재발송,Resending
예약자,Reservant
예약,Reservation
예약됨,Reserved
예약,Reserves
재설정,Reset
거주지,Residence
거주지,Residency
거주자,Resident
거주,Residential
거주자,Residents
잔여 수량,Residual quantity
사임,Resignation
해결,Resolution
해결,Resolve
자료,Resource
자료실,Resource Room
존중,Respect
응답자,Respondent
응답,Response
응답 기관 공지,Response Agency Notice
책임,Responsibility
책임 있는,Responsible
나머지,Rest
복원,Restoration
제지,Restraint
제한,Restrict
제한,Restriction
재채우기,Restuffing
재제출,Resubmission
결과,Result
결과,Results
이력서,Resume
보관됨,Retained
보관,Retention
은퇴,Retirement
재전송,Retransmission
재심사,Retrial
소급성,Retroactivity
재시도,Retry
반환,Return
응답 플래그 반환,Return response flag
재평가,Revaluation
수익 게이트웨이 서비스,Revenu gateway service
수익,Revenue
수익 게이트웨이,Revenue gateway
역전,Reverse
역전,Reversion
검토,Review
검토됨,Reviewed
검토자,Reviewer
수정됨,Revised
수정됨,Revisedor
수정됨,Revision
수정됨,Revocation
보정됨,Revoked
보상,Reward
규정,Rgulation
리본,Ribbon
소총,Rifle
권리,Right
권리자,Rightful Person
상승,Rise
위험,Risk
도로,Road
도로세,Road Tax
배회,Roaming
강도,Robbery
역할,Role
지붕,Roof
방,Room
루트,Root
로프,Rope
회전,Rotation
라운딩,Rounding
경로,Route
라우팅,Routing
로버,Rover
행,Row
로열티,Royalty
수신자,Rrecipient
루프,Rs
규칙,Rule
규칙 기반,Rule Base
룰러,Ruler
룰링,Ruling
런,Run
활주로,Runway
러시아,Russia
RVC,Rvc
SARPCCO,SARPCCO
SDL,SDL
SETPI,SETPI
SIM,SIM
SKU,SKU
SMS,SMS
SQL,SQL
STD,STD
SWIFT,SWIFT
보관,Safekeeping
안전,Safety
항해,Sailing
급여,Salary
판매,Sale
판매,Sales
판매세,Sales Tax
소금,Salt
인사말,Salutation
동일,Same
동일 반기,Same Half-Year
동일 월,Same Month
동일 분기,Same Quarter
동일성,Sameness
샘플,Sample
위생 및 수의 검사,Sanitary And Veterinary Inspection
위생,Sanitation
위성,Satellite
만족도,Satisfaction
토요일,Saturday
저장,Save
규모,Scale
스캔,Scan
스캐너,Scanner
스캐닝,Scanning
시나리오,Scenario
일정,Schedule
스키마,Schema
스킴,Scheme
학교,School
과학,Science
학명,Scientific Name
범위,Scope
점수,Score
점수표,Scorecard
채점,Scoring
화면,Screen
대본,Script
정밀 조사,Scrutinization
정밀 조사됨,Scrutinized
바다,Sea
물범,Seal
검색,Search
검색자,Searcher
검색 중,Searching
계절,Season
좌석,Seat
좌석 수,Seat Count
좌석 수,Seat capacity
좌석,Seating
분리,Secession
중고,Second
보조,Secondary
중고 문서,Secondhand Article
비서,Secret
비서,Secretary
섹션,Section
섹터,Sector
보안 액세스 솔루션,Secure asccess solution
보안,Secured
증권,Securities
보안,Security
시드,Seed
세그먼트,Segment
압류,Seizer
압류,Seizure
압류 통지,Seizure Notice
선택,Selection
선택권,Selectivity
선택자,Selector
자체,Self
자체 평가 세금,Self assessed tax
자체 평가 질문,Self assessment question
자체 통제,Self-Control
판매,Sell
판매자,Seller
판매 중,Selling
반도체,Semi
반도체,Semiconductor
세미트레일러,Semitrailer
보내기,Send
출항 금지 명령서 발송,Send Departure Prohibition Order
발송인,Sender
발송됨,Sent
문장,Sentence
분리,Separation
구분자,Separator
9월,September
순서,Sequence
일련번호,Serial
일련번호,Serial number
시리즈,Series
심각성,Seriousness
서버,Server
서비스,Service
서비스 제공자,Service provider
제공,Serving
세션,Session
설정,Set
상계,Setoff
설정,Setting
정산,Settlement
정산자,Settler
설정,Setup
심각성,Severity
성별,Sex
Sgs,Sgs
형태,Shape
주식,Share
주주,Shareholder
주식,Shares
창고,Shed
시트,Sheet
교대,Shift
선박,Ship
선박 상품,Ship Commodity
선박 입항 및 이륙,Ship Entry Into Port & Take-Off
선주,Ship Owner
선박 주문,Ship order
조선,Shipbuilding
선적,Shipment
화주 또는 수출자 또는 위탁자,Shipper Or Exporter Or Consigner
배송,Shipping
운송 회사,Shipping Company
운송 지점,Shipping Marks
운송 대행업체,Shipping agent
운송사,Shipping line
상점,Shop
쇼핑,Shopping
해안,Shore
짧은,Short
인터넷에 대한 짧은 댓글,Short Comment On The Internet
부족,Shortage
바로가기,Shortcut
단축,Shortening
후보 목록,Shortlist
표시,Show
Sid,Sid
측면,Side
측면 추적,Sidetrack
서명,Sign
신호,Signal
서명자,Signatory
서명,Signature
서명됨,Signed
서명자,Signer
유사성,Similarity
단순,Simple
단순 객체 접근 프로토콜,Simple object access protocol
단순성,Simplicity
단순화,Simplification
시뮬레이션,Simulation
이후,Since
진실성,Sincerity
싱가포르,Singapore
단일,Single
단일 행정 문서,Single administrative document
단일성,Singleness
사이트,Site
좌석,Sitting
상황,Situation
크기,Size
골격,Skeleton
스케치,Sketch
스킨,Skin
건너뛰기,Skip
도살,Slaughter
노예,Slave
슬라이드,Slide
약간,Slight
미끄러짐,Slip
슬롯,Slot
배출할 슬러지,Sludge To Discharge
소규모 분류,Small Classification
스마트,Smart
SMTP,Smtp
밀수,Smuggling
스냅샷,Snapshot
소셜,Social
사회,Society
소켓,Socket
소프트웨어,Software
체류,Sojourn
판매됨,Sold
솔더,Soldier
용해도,Solubility
해결책,Solution
정렬,Sort
건전성,Sound
출처,Soundness
출처책,Source
공간,Source Book
여유,Space
Spare,Spare
Spcode,Spcode
특수,Special
특징,Special Feature
특성화,Specialization
특수성,Specialness
특수성,Specialty
수종,Species
수종,Species Of Trees
특정,Specific
특정 관세율,Specific Tariff Rate
특정 세금,Specific Tax
특정 관세,Specific duty
규격,Specification
투기,Speculation
투기적,Speculative
속도,Speed
스피릿,Spirit
분할,Split
스팟,Spot
스폰서,Spouse
스프레드,Spread
스프레더,Spreader
스파이,Spy
스퀘어,Square
Sso,Sso
안정성,Stability
직원,Staff
단계,Stage
단계 통과,Stage Passed
지분,Stake
이해관계자,Stakeholder
스탬프,Stamp
표준,Standard
표준 요금 구매,Standard Rate Purchase
표준 크기,Standard Size
표준 값,Standard Value
표준 편차,Standard deviation
표준화,Standardization
시작,Start
시작 지점,Starting point
시작,Startup
상태,State
진술,Statement
진술 입장,Statement Admission
출발지,Stater
역,Station
역 코드,Station code
통계,Statistical
통계,Statistics
조형물,Statuary
상태,Status
조형물,Statute
법정,Statutory
유지,Stay
조타,Steering
단계,Step
하역 노동자,Stevedore
스티커,Sticker
재고,Stock
정차,Stop
경유지,Stopover
보관,Storage
저장,Store
저장함,Storebox
밀수,Stow Away
적재,Stowage
유랑,Straggle
전략,Strategy
거리,Street
거리 또는 마을,Street or village
강도,Strength
제거,Strike off
스트링,String
스트리핑,Stripping
구조,Structure
채우기,Stuffing
스타일,Style
하위,Sub
하도급,Subcontract
하도급,Subcontracting
소하도급,Subheading
소제목,Subject
주제,Subjective
주관적,Submission
제출,Submit
제출,Submitted
제출됨,Submitter
제출자,Subnutrition
하위영양소,Subpartition
하위분류,Subrogated
대위변제,Subscribe
구독,Subscriber
구독자,Subscription
구독자,Subsidiary
자회사,Substitute
대체,Substitution
대체,Subtitle
부제목,Subtotal
소계,Subtraction
감산,Subward
하위,Succeeding
후속,Success
성공,Successful Bid
성공 입찰,Successful Bidder
성공 입찰자,Succession
후속,Successor
후속자,Suez Canal
수에즈 운하,Sufficiency
접미사,Suffix
설탕,Sugar
제안,Suggestion
소송,Suit
적합성,Suitability
요약,Summary
요약,Summation
여름,Summer
소환,Summons
일요일,Sunday
감독자,Super
감독관,Superintendence
감독,Superintendent
감독관,Supervision
감독자,Supervisor
보충,Supplementary
보충 작업,Supplementary Works
보충,Supplementation
제공됨,Supplied
공급업체,Supplier
공급,Supplies
공급,Supply
수요-공급,Supply-Demand
지원,Support
추가,Sur
추가 요금,Surcharge
잉여금,Surplus
부가세,Surtax
조사,Surveillance
조사,Survey
측량,Surveying
측량사,Surveyor
생존,Survival
용의자,Suspect
매달림,Suspended
미결,Suspense
매달림,Suspension
의심,Suspicion
스왑,Swap
Swb,Swb
스위치,Switch
소드,Sword
Sygec,Sygec
기호,Symbol
증상,Symptoms
동기화,Synchronization
유의어,Synonym
구문,Syntax
합성,Synthesis
시스템,System
TANCIS,TANCIS
TANSAD,TANSAD
TAQA,TAQA
TBS,TBS
TCCIA,TCCIA
TCRA,TCRA
TEM,TEM
TIN,TIN
TISD,TISD
TLI,TLI
TPA,TPA
TPC,TPC
TPF,TPF
TRA,TRA
TZS,TZS
탭,Tab
담배,Tabacco
테이블,Table
테이블스페이스,Tablespace
태그,Tag
맞춤형,Tailored
조치 수행,Take Action
이륙,Take-Off
인수,Takeover
Tancis 데이터 웨어하우스 시스템,Tancis data warehouse system
탱크,Tank
탱커,Tanker
탄자니아,Tanzania
테이프,Tape
용기,Tare
대상,Target
대상 국가,Target Country
대상 징수,Targeted collection
관세,Tariff
관세율,Tariff Rate
관세 분류,Tariff classification
작업,Task
세금,Tax
세금 계산,Tax Calculation
납세 증명서,Tax Clearance Certificate
면세,Tax Free
세금 품목,Tax Item
세무서,Tax Office
예산 초과 세금,Tax Outside Of Budget
세율,Tax Rate
거주자 증명서,Tax Residency Certificate
세수입,Tax Revenue
예산 내 세금,Tax Within Budget
세무행정법,Tax administration act
세무서류 미제출 세금,Tax stood over
과세 대상,Taxable
과세,Taxation
과세 기준,Taxation Base
세금,Taxes
납세자,Taxpayer
TCC,Tcc
팀,Team
팀장,Team Leader
기술,Technique
기술,Technology
전화번호,Telephone number
전화번호1,Telephone number1
전화번호2,Telephone number2
텔레비전,Television
텔렉스,Telex
성격,Temper
온도,Temperature
템플릿,Template
임시,Temporary
임시 수출,Temporary export
임시 수입,Temporary importation
임시 차량,Temporary vehicle
임차인,Tenant
경향,Tendency
입찰,Tenders
기간,Tenor
임시성,Tentativeness
임시 임대 기간,Tenure
기간,Term
터미널,Terminal
해지,Terminate
해지,Termination
약관,Terms
약관,Terms and conditions
영토,Territory
테러,Terror
테스트,Test
테스터,Tester
증언자,Testifier
텍스트,Text
태국,Thailand
보다,Than
잔액,The Balance Amount
중앙아프리카 경제 및 통화 공동체,The Central African Economic and Monetary Community
소유자 수,The Owner Count
물품 소유자,The Owner Of Goods
법원장,The President Of A Court
주제,Theme
이론적,Theoretical
두께,Thickness
세 번째,Third
세 번째,Three
기준,Threshold
통과,Through
목요일,Thursday
틱,Tic
티켓,Ticket
기와,Tile
목재,Timber
시간,Time
시간 제한,Time Limit
수락 시간,Time To Accept
타임라인,Timeline
타임아웃,Timeout
시간,Times
타임스탬프,Timestamp
시간대,Timezone
타이밍,Timing
팁,Tip
팁오프,Tip-Off
타이어,Tire
소유권,Title
소유자,Titleholder
종료,To
미정,To be determined
해야 할 일,To do
미정,Tobe
오늘,Today
화장실,Toilet
토큰,Token
허용 오차,Tolerance
톤,Ton
톤수,Tonnage
공구,Tool
공구,Tools
치아,Tooth
상단,Top
주제,Topic
토폴로지,Topology
합계,Total
총 화물,Total Cargo
총 컨테이너 수,Total Container Count
총 수,Total Count
총 일수,Total Day Count
총 리터,Total Liter
총 인원 수,Total Personnel Count
총 수량,Total Quantity
총 수령량,Total Receive
총 점수,Total Score
총 세액,Total Tax Amount
총 과세액,Total Taxation
총 과세 기준액,Total Taxation Base
총 평가액,Total Valuation
총 중량,Total Weight
총 예상 판매액,Total indicative Sales
총 예상 구매액,Total indicative purchases
총계,Totalization
터치,Touch
투어,Tour
관광,Tourist
견인선,Towboat
도시,Town
추적,Tracing
트랙백,Trackback
추적기,Tracker
추적,Tracking
트랙터,Tractor
무역,Trade
상표,Trademark
무역업자,Trader
무역,Trading
트레일,Trail
트레일러,Trailer
기차,Train
도착 기차역,Train Station Of Arrival
훈련,Training
거래,Transaction
환승,Transfer
양수인,Transferee
양수인,Transferer
양수인,Transferor
양수인,Transferred
양수된,Transform
변환,Transformation
변환,Transgressor
위반자,Transires
통과,Transit
통과 및 환적,Transit and transshipment
통과 신고 1,Transit declaration 1
전환,Transition
번역,Translation
전송,Transmission
전송,Transmition
송신기,Transmitter
이식,Transplantation
운송,Transport
운송료,Transport Charges
운송업체,Transporter
환적,Transshipment
쓰레기통,Trashbox
여행사,Travel
여행사,Travel Agency
재무 담당자,Treasurer
재무부,Treasury
처리,Treatment
조약,Treaty
트렌드,Trend
시련,Trials
부족,Tribe
재판소,Tribunal
트리거,Trigger
여행,Trip
열대,Tropical
고장,Trouble
트럭,Truck
신탁,Trust
수탁자,Trustee
진실,Truth
시도,Try
Ttu,Ttu
화요일,Tuesday
예인선,Tugboat
터널,Tunnel
회전,Turn
회전,Turnover
20피트 단위,Twenty-foot equivalent unit
트위터,Twitter
2개,Two
유형,Type
산업 유형,Type Of Industry
UIN,UIN
UNSPSC,UNSPSC
URI,URI
URL,URL
USD,USD
부족량,Ullage
Un,Un
철회 불가,Un_Withdraw
불가능,Unable
승인되지 않음,Unadmitted
미적용,Unappropriated
할당되지 않음,Unassigned
사용 불가,Unavailable
차단 해제,Unblock
변경 불가,Unchangiable
분류되지 않음,Unclassified
불분명,Unclear
미확인,Uncleared
흔하지 않음,Uncommonness
미복합,Uncompoundment
확인 불가,Unconfirm
위헌성,Unconstitutionality
미결정,Undecided
과소평가,Under
과소평가,Underestimate
암묵적,Underground
사업,Undertaking
분배되지 않음,Undistributed
획득되지 않음,Unearned
예상치 못하게,Unexpectedly
불성실함,Unfaithful
미분배,Unfiled
통합,Unification
연합,Union
독특함,Unique
고유 위탁품 참조 번호,Unique consignment reference
고유 식별자,Unique identifier
단위,Unit
측정 단위,Unit of measure
유엔 무역 및 운송 위치 코드,United Nations Code For Trade And Transport Locations
범용 고유 식별자,Universally unique identifier
대학,University
알 수 없음,Unknown
불법 행위,Unlawfulness
무제한,Unlimited
하역,Unloading
비행기에서 하역,Unloading From Airplane
선박에서 하역,Unloading From Vessel
저당권 해제,Unmortgage
미지급,Unpaid
미지급,Unpayment
미처리,Unprocessed
미적격,Unqualified
미조정,Unreconciled
미환급,Unredeemed
미등록,Unregistered
미면제,Unrelieved
미조사,Unsurveyed
까지,Until
최대,Up
업데이트,Update
업데이트됨,Updated
업로드,Upload
상한,Upper
상한 가격,Upper Limit
상한 가격,Upper Limit Price
상한 가격,Upward
상한 가격,Urge
요구,Urge Sheet
요구서,Usage
사용,Use
사용 목적 외 사용,Use Except For Purpose
사용됨,Used
유용성,Usefulness
사용자,User
사용,Ussance
UTC,Utc
사용,Utilize
사용됨,Utilized
부가가치세,VAT
VFD,VFD
VRN,VRN
해제됨,Vacated
해제,Vacation
유효,Valid
유효 값,Valid Value
유효 값1,Valid Value1
유효 값2,Valid Value2
유효 값3,Valid Value3
유효성,Validation
유효성,Validity
종가세,Valorem Tax
평가,Valuation
가치,Value
가치1,Value1
가치2,Value2
가치3,Value3
평가자,Valuer
증기,Vapor
증발,Vaporize
변동,Variable
변동,Variance
변종,Variety
변동,Vary
차량,Vehicle
차량 주행 안전성 검사,Vehicle Roadworthiness Test
판매자,Vendor
환기,Ventilation
장소,Venue
평결,Verdict
평가,Vergleich
검증,Verification
검증됨,Verified
검증자,Verifier
버전,Version
수직,Vertical
수직 방향,Vertically
선박,Vessel
선박 수,Vessel Count
수의사,Veterinarian
경유,Via
국가 경유,Via Country
위치 경유,Via Location
피해자,Victim
베트남,Vietnam
전망,View
시청자,Viewer
관찰 지점,Viewpoint
마을,Village
마을,Ville
위반,Violation
위반 상품,Violation Commodity
위반자,Violator
가상,Virtual
가시적,Visible
시각적,Vision
방문,Visit
방문한,Visited
방문자,Visitor
활력,Vitality
무효,Void
전압,Voltage
용량,Volume
용량 보정 계수,Volume correction factor
자발적,Voluntarily
투표,Vote
투표자,Voter
바우처,Voucher
항해,Voyage
항해 차이,Voyage Difference
VPN,Vpn
VS,Vs
취약한,Vulnerable
WIP,WIP
Wad,Wad
임금,Wage
임금 청구서,Wage bills
마차,Wagon
대기,Wait
대기 중,Waiting
면제,Waive
면제,Waiver
보행로,Walk
벽,Wall
입장권 부족 전표,Want of entry slip
병동,Ward
창고,Warehouse
경고,Warning
보증서,Warrant
보증인,Warrantee
Was,Was
세척,Wash
폐기물,Waste
물 갤런,Water gallons
워터스,Waters
웨이블릿 스칼라 양자화,Wavelet scalar quantization
방식,Way
운송장,Waybil
Wco,Wco
약점,Weakness
무기,Weapon
무기류,Weaponry
마모,Wear And Tear
웹,Web
웹사이트,Website
수요일,Wednesday
주,Week
주말,Weekend
주간,Weekly
무게,Weight
무게 보정 계수,Weight correction factor
가중치,Weighted
가중치 값,Weighted Value
가중치,Weighting
부두,Wharfage
위치,Where
도매,Wholesale
개찰구,Wicket
너비,Width
야생,Wildness
창문,Window
창문,Windows
날개,Wing
우승자,Winner
우승,Winning
겨울,Winter
유선,Wire
무선,Wireless
무선 LAN,Wireless lan
인출,With
인출,Withdrawal
인출,Withdrwal
원천징수,Withheld
원천징수세,Withhoding tax
원천징수자,Withholdee
원천징수인,Withholder
원천징수액,Withholding
원천징수세,Withholding Tax
예산 내,Within
예산 내,Within Budget
없이,Without
증인,Witness
증인 진술서,Witness Statement
단어,Word
워드클라우드,Wordcloud
업무,Work
워크북,Workbook
근로자,Worker
워크플로,Workflow
업무,Working
직장,Workplace
업무 계획,Workplan
작업실,Workroom
업무,Works
작업 공간,Workspace
세상,World
걱정,Worry
가치 있는,Worth
가치 있는,Worthy
쓰기,Write
답변,Write Back
삭감,Write Off
쓰기,Writing
서면,Written
서면 증거,Written Evidence
서면 통지,Written Notice
서면 의견,Written Opinion
서면 허가,Written Permission
답변,Written back
서면으로 기록,Written down
삭감,Written off
잘못됨,Wrong
X선 이미지 분석,X-ray image analysis
Xaf,Xaf
X선,Xray
YN,YN
야드,Yard
년,Year
년 및 월,Year And Month
년 반기,Year Half-Year
년 분기,Year Quarter
년 반기,Year and half
년 및 분기,Year and quarter
수입 연도,Year of Income
제조 연도,Year of manufacture
연간,Yearly
년,Years
노란색,Yellow
예,Yes
어제,Yesterday
Z,Z
잔지바르,Zanzibar
잔지바르 세관,Zanzibar customs
잔지바르 항만 공사,Zanzibar port corporation
제로,Zero
우편번호,Zip
구역,Zonal
구역,Zone
Zsign,Zsign
